NGO_ID,Name,City,Latitude,Longitude,Cause,Special_Focus,Urgent_Need,Capacity_per_week,Acceptance_Rate,Contact
NGO00001,Sandoval-Bush Foundation,Hyderabad,17.344882556049328,78.4513490634119,Rural_Development,rural,False,496,0.9145181747373454,9824082602
NGO00002,"Collins, Moore and Harvey Foundation",Pune,18.529057495142695,73.95187041586873,Elderly_Care,"women, children",True,471,0.9729047506326083,507-593-4840
NGO00003,Booker Inc Foundation,Thane,19.148408162652906,73.06271716384788,Elderly_Care,children,False,413,0.7043376243582467,983-885-2577x231
NGO00004,"Brown, Dennis and Wolf Foundation",Pune,18.469618827219087,73.87218188965876,Environment,"disabled, rural",False,282,0.7374252245469074,+1-811-706-0125x053
NGO00005,Lee PLC Foundation,Mumbai,19.130629720166297,72.7952213404901,Elderly_Care,women,True,493,0.6382116426617588,(495)231-1038
NGO00006,Watson-Nguyen Foundation,Indore,22.744679525976082,75.92109369009496,Poverty_Alleviation,rural,False,303,0.866707722193202,+1-647-586-4809x3099
NGO00007,Tran Ltd Foundation,Indore,22.620420290086034,75.82628702316734,Environment,"rural, disabled",False,140,0.6403962120989215,622.231.6612
NGO00008,"Sanders, Morrison and Carter Foundation",Indore,22.645203541728332,75.90873745484964,Elderly_Care,"disabled, women",False,133,0.6763308795628299,001-740-861-2825
NGO00009,Gonzalez-Hughes Foundation,Bhopal,23.234898428989315,77.4257120586916,Child_Welfare,women,True,370,0.6173207750897094,732-414-9741x9205
NGO00010,Pruitt-Lopez Foundation,Lucknow,26.764950113856447,80.93348967976463,Poverty_Alleviation,rural,False,456,0.6782866136307228,001-547-523-6173
NGO00011,Burke Group Foundation,Bhopal,23.18925937947541,77.45106723298194,Disability_Support,rural,True,195,0.7498136224394258,001-477-345-6504x4354
NGO00012,Nolan and Sons Foundation,Nagpur,21.086295712828278,79.12185188744164,Poverty_Alleviation,"disabled, elderly",False,117,0.9563704467883736,001-360-633-2236
NGO00013,"Burgess, Haas and Baker Foundation",Indore,22.78132160638189,75.80486721037997,Elderly_Care,elderly,False,204,0.6426636481649857,562-976-0235x61146
NGO00014,Miles-Adams Foundation,Thane,19.22040301867773,72.90995921849422,Rural_Development,"women, rural",True,406,0.7649035177621746,(342)387-9829x8201
NGO00015,Mendez-Chambers Foundation,Hyderabad,17.333292845639846,78.39916354500984,Poverty_Alleviation,"rural, women",False,409,0.8065259939292808,604.468.4350x433
NGO00016,"Aguirre, Walker and Bolton Foundation",Lucknow,26.855550275455112,81.00705621871244,Poverty_Alleviation,"elderly, children",False,168,0.7650099447123304,(970)617-4783x96761
NGO00017,Boyer Group Foundation,Bengaluru,13.01677061686768,77.65265654707457,Elderly_Care,"women, children",False,93,0.6709971099750793,401-682-4926
NGO00018,"Hall, Boyd and Wood Foundation",Thane,19.127486006445817,72.90042063989037,Poverty_Alleviation,elderly,False,308,0.7498507744287326,001-796-230-3969x4824
NGO00019,Johnson and Sons Foundation,Thane,19.31008092096904,73.04561254693526,Disability_Support,"elderly, rural",False,293,0.9672010269246978,508-733-5832x8614
NGO00020,Montgomery PLC Foundation,Delhi,28.582940806207958,77.14618034231125,Rural_Development,elderly,False,267,0.6880462501068262,(202)404-1621x30274
NGO00021,"Decker, Torres and Logan Foundation",Bengaluru,12.997216695314288,77.66266724764422,Rural_Development,"elderly, children",True,90,0.8399903244679439,611-852-1397
NGO00022,Salinas PLC Foundation,Lucknow,26.753143072090072,80.93870698865915,Education,rural,False,205,0.6907929504895862,+1-634-331-5928x9920
NGO00023,"Williams, Schmitt and Hubbard Foundation",Lucknow,26.90348330193584,81.02564082618636,Elderly_Care,rural,True,200,0.9230151448974135,394-253-1487x759
NGO00024,Delacruz PLC Foundation,Kolkata,22.559069547667626,88.42938914719592,Disability_Support,disabled,False,355,0.8789768469755773,4195245225
NGO00025,Holmes and Sons Foundation,Delhi,28.56088583860583,77.12906621064242,Child_Welfare,"children, women",False,321,0.8206892149418562,514-529-7983
NGO00026,Lin Inc Foundation,Kanpur,26.451429617203523,80.295014661636,Rural_Development,"children, disabled",False,64,0.6360355667607585,560-546-6715
NGO00027,Jordan-Carlson Foundation,Hyderabad,17.47454934632267,78.41244851242664,Disability_Support,"disabled, children",False,151,0.9643051417188514,9192623450
NGO00028,Davis-Schmidt Foundation,Bengaluru,12.908955461327215,77.60322366103945,Women_Empowerment,"rural, women",False,123,0.8284697020243839,(889)909-4708x997
NGO00029,Hartman-Hodges Foundation,Nagpur,21.13006796332221,79.15900310609109,Healthcare,elderly,False,63,0.8734689278456833,(344)680-3838x988
NGO00030,"Baker, Thomas and Burnett Foundation",Indore,22.700503280623025,75.81600277166886,Environment,"children, rural",False,255,0.723062859683421,523-273-6030x986
NGO00031,Peters-Reyes Foundation,Indore,22.801915920250444,75.83358907737619,Elderly_Care,"elderly, disabled",False,343,0.8038432274413759,395-242-4723
NGO00032,Anthony PLC Foundation,Indore,22.666524453401255,75.8101739170578,Education,"disabled, rural",False,302,0.8579616263109673,273.587.3970x14276
NGO00033,Rodriguez PLC Foundation,Kolkata,22.509911582439123,88.39116886306361,Poverty_Alleviation,"disabled, rural",False,195,0.815228473839817,(706)344-4443x159
NGO00034,Robinson LLC Foundation,Jaipur,26.86849209737037,75.82205250984939,Poverty_Alleviation,elderly,False,300,0.7124771975547074,+1-996-412-9120x1828
NGO00035,Smith-Robinson Foundation,Mumbai,19.142452354134498,72.86956370101973,Rural_Development,rural,False,126,0.9254221573216248,(663)542-7233
NGO00036,Washington-Smith Foundation,Indore,22.80384962966554,75.81892973018371,Women_Empowerment,disabled,False,491,0.9131311311259117,897-521-0425
NGO00037,Clark Group Foundation,Indore,22.727589645444276,75.79721691716566,Education,"rural, disabled",False,386,0.6077295158056883,(287)545-9908x993
NGO00038,Carr Inc Foundation,Jaipur,26.947647837060025,75.73345367799607,Women_Empowerment,"rural, children",False,478,0.7353434468194884,9823227021
NGO00039,"Harrison, Thompson and Jimenez Foundation",Mumbai,18.98243249499541,72.95686877809337,Elderly_Care,rural,False,85,0.8986294055482362,(606)701-4426
NGO00040,Barnett-Long Foundation,Jaipur,26.936241585005966,75.77888188139295,Disability_Support,disabled,False,113,0.8013567993124717,709.475.7495x68236
NGO00041,"Callahan, Thompson and Johnson Foundation",Lucknow,26.7625943331709,80.94501614364083,Child_Welfare,elderly,False,499,0.6242538931896912,2256382959
NGO00042,Graham-Lindsey Foundation,Pune,18.501303849350123,73.86744094457775,Disaster_Relief,disabled,True,443,0.7560569743474261,(970)582-5376x30407
NGO00043,Mccormick-Morrow Foundation,Bhopal,23.291666940071767,77.38568122618031,Rural_Development,elderly,False,88,0.9403171620515689,5466580176
NGO00044,Perez Inc Foundation,Bengaluru,13.039672301077065,77.51891132590366,Education,elderly,True,298,0.6295130274757743,+1-349-547-0591x6282
NGO00045,"Moore, Howell and Mullen Foundation",Kanpur,26.490342673681663,80.3272685607831,Healthcare,elderly,False,108,0.9305085148357215,(552)430-4721
NGO00046,Shelton LLC Foundation,Kolkata,22.626779680863763,88.29246198515654,Poverty_Alleviation,rural,False,126,0.7048587760168056,717-236-5180
NGO00047,Oconnell-Martinez Foundation,Kolkata,22.55086656729324,88.4558856241167,Elderly_Care,"disabled, women",False,332,0.7432734887814079,482-815-2672
NGO00048,Sanchez-Higgins Foundation,Thane,19.163725273118374,73.05576154948754,Healthcare,"elderly, disabled",False,77,0.6964038321336345,965.658.7462
NGO00049,Horn-Wallace Foundation,Kanpur,26.384294080368708,80.3160364474082,Rural_Development,"rural, women",False,84,0.669361989383296,289.540.1112x626
NGO00050,Hester Ltd Foundation,Bengaluru,13.018374017442568,77.55897826850679,Elderly_Care,elderly,False,223,0.7769401301924721,333-817-4919
NGO00051,Hart Ltd Foundation,Bhopal,23.21000888485426,77.37936841286867,Elderly_Care,elderly,False,55,0.6730009028957805,(412)685-9091x12479
NGO00052,"Walker, Thomas and Cox Foundation",Thane,19.25723440072884,72.87972018832946,Women_Empowerment,"rural, women",False,112,0.8594562100737695,001-326-687-7540x1996
NGO00053,"Thomas, Cook and Oconnell Foundation",Hyderabad,17.38450400209069,78.57561207405342,Healthcare,"women, disabled",True,226,0.9525382663175415,4709316615
NGO00054,Lewis-Wilkins Foundation,Mumbai,19.13897340299309,72.9631665230348,Disaster_Relief,"rural, women",False,159,0.9533942175909711,+1-633-957-5992
NGO00055,Garcia PLC Foundation,Mumbai,19.162028110677518,72.91515532234409,Rural_Development,"rural, children",False,454,0.6785125906587708,8696802971
NGO00056,"Hicks, Jones and Hubbard Foundation",Jaipur,26.92233393380074,75.78069829078036,Disaster_Relief,children,False,151,0.958123061551285,(558)677-6995x95061
NGO00057,Huff LLC Foundation,Indore,22.731255304880783,75.92997254379131,Poverty_Alleviation,"children, women",False,74,0.7536198317247582,+1-381-947-3798
NGO00058,Baker Ltd Foundation,Nagpur,21.239658932409817,79.18502792940835,Healthcare,rural,False,355,0.6169899043308607,+1-962-927-4877
NGO00059,"Joyce, Lewis and Spencer Foundation",Hyderabad,17.45976395525601,78.39723466636593,Child_Welfare,disabled,False,68,0.9419593603804515,477.246.5128
NGO00060,"Lee, Allen and Grant Foundation",Mumbai,19.045405605065127,72.88535054926896,Women_Empowerment,women,True,414,0.8352699893306313,001-621-850-9836x28762
NGO00061,Anthony-Hernandez Foundation,Nagpur,21.14875347481509,79.00097515677238,Healthcare,"disabled, children",False,312,0.7732353836011591,+1-571-388-8475x7074
NGO00062,Schwartz-Martin Foundation,Chennai,13.170663637486776,80.24988223015254,Disaster_Relief,children,False,172,0.8251284104554489,001-569-770-3662x2704
NGO00063,King-Mcclain Foundation,Ahmedabad,23.0188815137672,72.66513258262934,Education,"children, disabled",False,127,0.7122432614594341,(746)311-7338
NGO00064,"Simpson, Hamilton and Johnson Foundation",Delhi,28.59495391404655,77.29011521179932,Rural_Development,"children, rural",False,392,0.6593473855675751,582.635.5229x2282
NGO00065,Reyes PLC Foundation,Chennai,13.064879980998363,80.28170181729497,Education,disabled,True,441,0.7795349249645,(812)872-2429x8751
NGO00066,Santos Inc Foundation,Delhi,28.553689941934397,77.25770183042877,Healthcare,rural,False,94,0.8835523836605756,(653)563-5633x2035
NGO00067,Waller LLC Foundation,Mumbai,19.002711653172696,72.87555444517953,Child_Welfare,"elderly, disabled",False,172,0.9243514181758521,+1-202-698-6129x25664
NGO00068,Walker Inc Foundation,Chennai,13.103130861225292,80.2614865923486,Elderly_Care,"children, rural",True,308,0.6083423307132678,370-847-6238
NGO00069,Wright-Kidd Foundation,Bhopal,23.292105411646872,77.44488816769015,Education,disabled,False,206,0.6396805295403851,992-564-1446x0399
NGO00070,"Dixon, Hutchinson and Santana Foundation",Hyderabad,17.41401948912853,78.49819490979513,Women_Empowerment,"children, elderly",False,98,0.8590827882880668,(450)741-7945
NGO00071,"Shields, Martin and Martinez Foundation",Nagpur,21.074632652034868,79.16280342198822,Child_Welfare,elderly,False,353,0.7212579860300051,553-914-8940x34084
NGO00072,"Brown, Clark and Ware Foundation",Bhopal,23.314460898572346,77.36253621286787,Education,"elderly, children",False,459,0.7082652767558707,(514)275-7955
NGO00073,"Cole, Thompson and Monroe Foundation",Indore,22.768528159269042,75.90929506971246,Rural_Development,disabled,False,135,0.8122361382011135,+1-342-435-2595
NGO00074,"Armstrong, Patterson and Richardson Foundation",Lucknow,26.871162659491173,80.85739117208293,Disaster_Relief,"disabled, rural",True,344,0.794668202359081,(494)479-6233x59158
NGO00075,"Williamson, Torres and Ferrell Foundation",Kolkata,22.52959365314745,88.34183118294064,Elderly_Care,rural,True,367,0.978003879517736,001-549-866-3711x740
NGO00076,"Paul, Elliott and Lee Foundation",Thane,19.24459471342655,72.89523283880939,Environment,"women, disabled",True,357,0.6277338210532324,(674)430-5634
NGO00077,Watts-West Foundation,Nagpur,21.19413217774362,79.08808091227606,Rural_Development,"rural, children",False,480,0.9027007572057559,425-674-0562x99392
NGO00078,"Wiley, Williams and Rice Foundation",Kanpur,26.380168251738308,80.38896633822776,Disability_Support,disabled,False,396,0.6321745294246099,810-748-7201x3154
NGO00079,Hall-Morrison Foundation,Lucknow,26.775271685773298,81.01860372780214,Environment,"rural, elderly",False,449,0.873885842945501,571-654-6192x940
NGO00080,Smith-Underwood Foundation,Thane,19.160696304159853,72.94614504830447,Disaster_Relief,"disabled, rural",True,245,0.6515055849745179,+1-864-444-3083x327
NGO00081,Saunders Ltd Foundation,Bhopal,23.192628368265584,77.48683406639219,Women_Empowerment,women,False,273,0.8425811812368309,+1-462-500-6604x3823
NGO00082,"Beck, Bradley and Jackson Foundation",Hyderabad,17.483562892451108,78.52238533340174,Elderly_Care,"children, rural",False,279,0.6891267582842602,338-213-6070
NGO00083,Smith-Stone Foundation,Mumbai,19.00517182680183,72.96866784193531,Child_Welfare,rural,False,358,0.6212185239330602,+1-467-414-7887
NGO00084,Smith Ltd Foundation,Delhi,28.58904545141249,77.16542842574435,Healthcare,"women, children",False,53,0.9396392222637993,664.763.1533
NGO00085,Young-Phillips Foundation,Bengaluru,13.032198403573432,77.67046468497395,Women_Empowerment,women,False,283,0.6971439711373345,331.655.3036x111
NGO00086,"Smith, Morgan and Decker Foundation",Mumbai,19.03220558525404,72.83016317003312,Child_Welfare,women,False,290,0.6953055703503406,(633)666-5711x10123
NGO00087,Thompson-Warren Foundation,Nagpur,21.233414519341082,79.18693783850993,Rural_Development,"rural, elderly",False,191,0.9715137327256429,+1-985-373-5617
NGO00088,Kennedy and Sons Foundation,Mumbai,19.154933524862802,72.78002532025708,Environment,elderly,False,102,0.764179390451538,345.328.5394x23334
NGO00089,Walker-Lewis Foundation,Hyderabad,17.30965112399018,78.5478527665086,Disaster_Relief,"rural, disabled",False,235,0.6984194127206779,762.445.8458
NGO00090,Page-Patton Foundation,Lucknow,26.783257706672977,81.03636833323435,Education,elderly,True,499,0.7863746195598453,+1-694-635-6555x885
NGO00091,Howell PLC Foundation,Thane,19.155763818542276,73.05640783794631,Education,"women, disabled",False,498,0.8373322816486098,(922)316-4901x0581
NGO00092,Andersen-Farmer Foundation,Kanpur,26.516206994489373,80.32461044466054,Disability_Support,women,False,81,0.609699060931703,507.917.7032x8408
NGO00093,"Perez, Fowler and Vargas Foundation",Pune,18.44660291088672,73.8964970216349,Healthcare,"women, disabled",False,380,0.9743037041751896,(600)910-9446x325
NGO00094,Mcdonald-Graves Foundation,Kolkata,22.592768485173185,88.29595869476417,Education,children,False,476,0.8861438762612976,+1-558-856-0087x07759
NGO00095,"Blevins, Foster and Hansen Foundation",Indore,22.680760516489897,75.93466061619203,Rural_Development,"elderly, women",False,177,0.7748251708040214,001-688-535-6091x6923
NGO00096,"Johnson, Padilla and Garrett Foundation",Hyderabad,17.398834958239284,78.49026827772137,Environment,"rural, women",False,363,0.7003073599595252,880-987-4157x8467
NGO00097,Howard PLC Foundation,Ahmedabad,23.112706584949724,72.56852166359937,Environment,"children, elderly",False,471,0.6146627563071078,388-474-4381x549
NGO00098,Higgins PLC Foundation,Chennai,13.119267453205781,80.32357984051252,Child_Welfare,"disabled, rural",False,264,0.7412167439359517,835-423-8615
NGO00099,Jimenez-Ferguson Foundation,Lucknow,26.939322931876973,80.87077511597883,Women_Empowerment,disabled,False,202,0.613775880655622,888.402.3943
NGO00100,"Hoffman, Johnson and Lindsey Foundation",Ahmedabad,22.932085035191207,72.61337922177424,Environment,women,False,437,0.7271697691073105,001-645-359-0341x2118
NGO00101,Martin-Sanchez Foundation,Kolkata,22.65766594737492,88.35326684610399,Environment,disabled,False,486,0.6147948087699611,704.572.1024x035
NGO00102,"Stein, Larson and Morris Foundation",Kolkata,22.48497228487666,88.41282628877082,Poverty_Alleviation,rural,False,403,0.6697164165081624,526.218.6304x43325
NGO00103,Hill Inc Foundation,Kanpur,26.473839171080858,80.28908551193081,Disability_Support,"women, disabled",False,50,0.6801335794307938,(704)742-5923x022
NGO00104,"Reed, Skinner and Dean Foundation",Kolkata,22.62117064622288,88.26848043229299,Rural_Development,"disabled, rural",False,356,0.6329624435968739,887-510-6870
NGO00105,Wilson Inc Foundation,Delhi,28.671320226507177,77.30164052819428,Child_Welfare,"women, disabled",False,91,0.7924685165575585,831.330.4939x6098
NGO00106,"Nguyen, Wells and Vaughan Foundation",Kanpur,26.46537985342662,80.41860037534049,Elderly_Care,"elderly, women",False,356,0.8605192074898509,001-986-240-5318
NGO00107,"Burns, Hudson and Taylor Foundation",Kolkata,22.576681752936523,88.3047535106467,Environment,"rural, elderly",True,263,0.8311860023902797,+1-835-589-1398x407
NGO00108,"Garza, White and Perry Foundation",Indore,22.62144113347813,75.79774418715773,Poverty_Alleviation,children,False,184,0.6036425432548699,(709)629-1229
NGO00109,Hernandez-Flowers Foundation,Bhopal,23.186413880669026,77.44454562808097,Disaster_Relief,rural,False,432,0.7347935262415446,+1-852-470-3187x9266
NGO00110,Mason-Oneill Foundation,Chennai,13.165838270010328,80.27028761067912,Poverty_Alleviation,"children, elderly",True,99,0.7850374710309143,903-214-1242x88116
NGO00111,Todd PLC Foundation,Lucknow,26.761579137152836,80.85038127088006,Rural_Development,disabled,False,160,0.880027015482256,+1-767-638-5208
NGO00112,Barnes-Macdonald Foundation,Indore,22.77410528463252,75.81079464499952,Disability_Support,children,False,211,0.9113864710814419,001-600-941-0668x6842
NGO00113,Perkins LLC Foundation,Kolkata,22.50795204582021,88.38231286155099,Environment,"elderly, disabled",True,79,0.624462455735715,715.959.2169
NGO00114,Clark Inc Foundation,Delhi,28.61178983973711,77.20673723902523,Disaster_Relief,"elderly, rural",False,374,0.7554229399597838,(964)445-5335x282
NGO00115,Patterson-Mason Foundation,Lucknow,26.749717606042136,80.93604742615518,Poverty_Alleviation,elderly,False,448,0.954918239337136,(480)900-7169
NGO00116,Wilson-Kemp Foundation,Hyderabad,17.32333985423233,78.56895395779671,Elderly_Care,women,False,304,0.6077179777766735,213.861.6598
NGO00117,Stanley-Bowen Foundation,Thane,19.21668807652187,73.0426072037827,Child_Welfare,"children, disabled",False,174,0.7708180455863671,+1-214-958-1101
NGO00118,"Salas, Smith and Williamson Foundation",Pune,18.57149076186505,73.9327582526027,Elderly_Care,disabled,False,230,0.6683422963954957,915-377-2172x6234
NGO00119,Haynes-Lucas Foundation,Mumbai,19.097464918451546,72.77774813394859,Child_Welfare,women,False,195,0.8139329717158009,438.762.8361x9174
NGO00120,Robertson-Evans Foundation,Ahmedabad,23.04822710931394,72.50075614432716,Disaster_Relief,"elderly, children",False,414,0.6075543653049665,(833)290-5081x890
NGO00121,Smith-Mendoza Foundation,Delhi,28.522161628384293,77.27084761433494,Child_Welfare,"rural, children",False,369,0.9685761399698947,992-556-5912x506
NGO00122,Huang PLC Foundation,Jaipur,26.991406550321035,75.82717577314665,Women_Empowerment,"elderly, children",False,392,0.813852626904582,(276)508-8939x42042
NGO00123,Simon LLC Foundation,Bengaluru,12.999889432550942,77.53179041960016,Healthcare,"rural, women",True,215,0.7073495580019894,292-717-3408x8524
NGO00124,Gardner and Sons Foundation,Bengaluru,13.021548551284564,77.50888455421823,Environment,"rural, women",False,480,0.7353743361732819,+1-923-503-8544x889
NGO00125,"Moon, Gibbs and Smith Foundation",Pune,18.616279146053248,73.80825317737245,Disability_Support,elderly,False,255,0.7647463790654444,+1-602-449-2581x6603
NGO00126,Jones-Brown Foundation,Ahmedabad,23.07428688124541,72.49504763514526,Environment,"children, rural",False,331,0.6852815845483026,(529)882-9173x6218
NGO00127,"Wright, Rowe and Reed Foundation",Jaipur,26.914664908732227,75.81456962505341,Disaster_Relief,children,True,336,0.603727083591311,(629)600-8871x42654
NGO00128,Hale Group Foundation,Bengaluru,12.953499255669112,77.5285040320659,Education,"women, rural",False,368,0.6058576842103949,(225)375-8450x4024
NGO00129,"Copeland, Park and Perry Foundation",Bhopal,23.294652766925953,77.38998167153687,Disaster_Relief,elderly,False,362,0.9307539645779979,333.521.8777
NGO00130,Anderson-Adams Foundation,Ahmedabad,22.992992556879848,72.62623430000458,Education,rural,True,358,0.629371527397177,(956)263-5400
NGO00131,"Jones, Tate and Terry Foundation",Jaipur,27.01151313219998,75.80774918584106,Elderly_Care,"rural, elderly",False,213,0.7743882792335194,427-425-9372x56847
NGO00132,"Price, Diaz and Colon Foundation",Pune,18.606360217261543,73.93018462436694,Rural_Development,children,True,404,0.845045016544908,229-308-9892x751
NGO00133,"May, Brown and Mendoza Foundation",Chennai,13.135580022277862,80.31549907682896,Elderly_Care,rural,False,395,0.7350277367549577,603-231-9218
NGO00134,"Smith, Guerrero and Cline Foundation",Mumbai,19.06760292486319,72.95063555051713,Disability_Support,"disabled, children",False,479,0.7993058912847788,390-334-2834x32697
NGO00135,"Hernandez, Morris and Medina Foundation",Hyderabad,17.30108864004187,78.41800157981609,Disability_Support,women,False,104,0.7969102780903817,682-767-2562x392
NGO00136,Garner-Steele Foundation,Kanpur,26.52477740746056,80.35164702256581,Women_Empowerment,"disabled, elderly",False,454,0.8678608254028225,(490)374-2413x072
NGO00137,Jordan Group Foundation,Kanpur,26.412914325342644,80.30187047354073,Disability_Support,elderly,False,216,0.9063596689655246,001-775-299-1472x5174
NGO00138,Rivas-Petersen Foundation,Bhopal,23.34942129908098,77.48905391290391,Disability_Support,rural,True,443,0.9783087206010362,8233318519
NGO00139,Hoffman-Daniel Foundation,Lucknow,26.92481022975389,80.93211332656143,Elderly_Care,"children, disabled",False,425,0.6311481354855264,+1-249-265-2544
NGO00140,Mills Inc Foundation,Pune,18.442652249461894,73.93696467483255,Poverty_Alleviation,"women, rural",True,56,0.6230968440791733,(284)498-4294x6282
NGO00141,"Hill, Davis and Bowen Foundation",Bengaluru,12.9626065238244,77.50019437945507,Environment,women,True,424,0.79237092130692,3263557179
NGO00142,"Roberts, Lopez and Orr Foundation",Bhopal,23.257703476069317,77.47218627350226,Disability_Support,women,False,222,0.8167263219564742,001-946-333-1690x7561
NGO00143,"Martinez, Ramirez and Lambert Foundation",Mumbai,19.113867764440016,72.7916415492938,Child_Welfare,women,True,224,0.6825536975427345,722-300-2749
NGO00144,Johnston Inc Foundation,Lucknow,26.783220279616454,80.86077985454183,Poverty_Alleviation,disabled,False,140,0.7626347454407847,+1-385-525-5181x48165
NGO00145,"Mcclure, Trujillo and Ford Foundation",Jaipur,26.829222019861938,75.72356517122087,Elderly_Care,rural,False,122,0.8484400673179546,488.764.0263x3723
NGO00146,Mcdaniel-Miller Foundation,Thane,19.263119448554477,72.88203786239515,Education,children,True,174,0.9076408948630887,(287)407-9910
NGO00147,Stevenson-Goodwin Foundation,Kolkata,22.598267273059733,88.38037411263167,Disaster_Relief,"elderly, women",False,424,0.657914629614395,583.426.8384
NGO00148,Shah and Sons Foundation,Kanpur,26.482510772747222,80.37999293018895,Disability_Support,rural,False,165,0.7415374401737558,717.670.5881x918
NGO00149,"Harris, Goodwin and Caldwell Foundation",Lucknow,26.926389106828836,80.88429003112151,Rural_Development,"disabled, women",True,357,0.8738547228346701,+1-941-944-4920x50230
NGO00150,"Pearson, Benton and Bonilla Foundation",Chennai,13.019966695268883,80.24347607872538,Women_Empowerment,women,False,317,0.7686101249832147,001-813-548-1909x89949
NGO00151,Watts and Sons Foundation,Kanpur,26.518539828324737,80.42231168365944,Child_Welfare,"elderly, children",False,465,0.8875608497295384,932-583-1348x5644
NGO00152,King Ltd Foundation,Bhopal,23.352315075607443,77.4685268712267,Healthcare,"women, rural",False,235,0.9135147860368774,(692)265-2496
NGO00153,"Flores, Ramirez and Harper Foundation",Mumbai,19.132999834884718,72.86861670111504,Healthcare,rural,False,347,0.9152188028902868,869-486-5812
NGO00154,Hood PLC Foundation,Jaipur,26.997374451086685,75.8713752700643,Disability_Support,children,False,138,0.640507030935153,(729)254-8776x2918
NGO00155,Anderson Group Foundation,Nagpur,21.231142569061557,78.99452300225425,Rural_Development,"women, elderly",False,307,0.8998747014913066,8552033174
NGO00156,Williamson and Sons Foundation,Lucknow,26.799126210089085,80.93269614608363,Elderly_Care,children,False,90,0.8319923461358912,+1-522-570-7730x8204
NGO00157,Barry-Gonzales Foundation,Pune,18.509061358673947,73.76829973089141,Disability_Support,elderly,True,138,0.8045690063330062,527.482.5265x38865
NGO00158,Salazar Ltd Foundation,Indore,22.71817517942706,75.88435670272793,Rural_Development,women,False,265,0.6335457133279956,001-531-580-9394x12579
NGO00159,Johnson-James Foundation,Mumbai,19.155459317706658,72.78191613208571,Disaster_Relief,"rural, disabled",False,284,0.8489883441390107,(952)823-0955x745
NGO00160,"Murphy, Campbell and Travis Foundation",Jaipur,26.973152138976097,75.86456633164947,Education,elderly,False,281,0.9778162612528837,+1-744-234-9776x9605
NGO00161,Crawford-Hansen Foundation,Bengaluru,13.06289962495542,77.671945276629,Healthcare,women,False,115,0.8287803957122771,001-754-332-8489
NGO00162,Harris-Huber Foundation,Chennai,13.130760958151198,80.3247060937403,Environment,"disabled, rural",True,321,0.7293712643065702,001-348-804-1817x485
NGO00163,Webb Inc Foundation,Pune,18.54558702284389,73.9411651156442,Environment,"rural, women",True,237,0.7483959651200697,346.467.5138
NGO00164,"Short, Leonard and Wright Foundation",Mumbai,18.991506282321836,72.93875575706569,Healthcare,elderly,False,273,0.6051696702712539,+1-751-931-2198
NGO00165,Bryant PLC Foundation,Chennai,13.117154703440345,80.36800935306137,Disability_Support,elderly,False,134,0.9306182387104289,5616064275
NGO00166,Jackson-Brown Foundation,Hyderabad,17.328807672328413,78.4010798837315,Disability_Support,elderly,False,353,0.885629537339941,(535)841-6846
NGO00167,"Hensley, Martin and Charles Foundation",Pune,18.48654055767986,73.75969159891869,Child_Welfare,elderly,False,185,0.9543311600106444,327.773.7687
NGO00168,Gibson PLC Foundation,Kanpur,26.41439944367134,80.40049124564703,Environment,children,True,274,0.6585037837857,337.783.2788x510
NGO00169,Davidson PLC Foundation,Ahmedabad,23.113751839605477,72.5581455765792,Environment,"children, women",False,230,0.7621805686663174,480-560-9444x4844
NGO00170,"Fry, Rogers and Perkins Foundation",Chennai,13.062671739027444,80.24286136524915,Environment,women,True,447,0.7854239031204845,521-510-4480x376
NGO00171,Mendoza-Hall Foundation,Delhi,28.64152190424079,77.22661095316937,Disability_Support,disabled,False,184,0.6697539050855653,342-716-2973x281
NGO00172,Murphy-David Foundation,Bhopal,23.24322637002388,77.38332757262802,Healthcare,"children, disabled",False,339,0.8891068657438093,001-450-336-1197x097
NGO00173,Brown LLC Foundation,Bhopal,23.356632160831996,77.42674704979522,Environment,"elderly, women",True,160,0.8285421023854243,9263757316
NGO00174,"Stevens, Hamilton and Shelton Foundation",Thane,19.15570691713853,72.94765300418292,Disaster_Relief,elderly,False,237,0.9358390836588548,8824697826
NGO00175,Snyder-Strickland Foundation,Indore,22.790071092077497,75.82611900115188,Environment,disabled,True,495,0.6425014586431005,741-797-4289x529
NGO00176,Barker-Hernandez Foundation,Pune,18.504188168416025,73.9125672530639,Child_Welfare,elderly,True,181,0.8252262423784017,6445238885
NGO00177,"Walter, Miller and Trevino Foundation",Ahmedabad,23.086327727550326,72.58254070814405,Disaster_Relief,rural,False,457,0.9765486404219146,(388)567-3600
NGO00178,"Roberson, Walker and Williams Foundation",Bengaluru,12.932065346654579,77.66669798855933,Disability_Support,rural,False,328,0.8398049957037246,+1-286-786-7294
NGO00179,"Carr, Ross and Gonzalez Foundation",Pune,18.536174608714436,73.86112210941141,Poverty_Alleviation,"disabled, rural",False,189,0.6253276829086555,211.995.3195x02743
NGO00180,Russell Inc Foundation,Thane,19.18089754283609,72.99561128039717,Disaster_Relief,elderly,False,345,0.8482380246038693,724.389.8557x85642
NGO00181,Rose PLC Foundation,Jaipur,26.988254528236585,75.84314062735302,Rural_Development,"disabled, elderly",True,88,0.928204654421023,(963)536-5111x044
NGO00182,Martinez Inc Foundation,Thane,19.258148547049093,73.00584468176339,Elderly_Care,disabled,False,187,0.9611678849683708,+1-701-456-0316x3535
NGO00183,Schultz-Blake Foundation,Kolkata,22.648849905664523,88.38688201716039,Healthcare,"rural, disabled",False,342,0.611058551502731,849.562.9740x71066
NGO00184,Lynch Group Foundation,Kanpur,26.486808886606266,80.27533106669821,Elderly_Care,"rural, elderly",False,168,0.6520992114682449,893.580.3451
NGO00185,Aguilar and Sons Foundation,Lucknow,26.780749885192346,80.88672376382506,Education,"children, disabled",False,301,0.6412539949870676,001-931-957-3633x32967
NGO00186,Ryan LLC Foundation,Delhi,28.53015610466414,77.28507392525182,Poverty_Alleviation,rural,False,252,0.6084551337320058,+1-362-502-0313x0582
NGO00187,"Wright, Norman and Gonzalez Foundation",Delhi,28.575389918992272,77.2208790489277,Rural_Development,children,False,228,0.659964333269753,224.746.7181x82477
NGO00188,Patterson LLC Foundation,Thane,19.279735954040497,73.00959881185125,Healthcare,"women, children",False,273,0.6657139755629892,(382)935-5934
NGO00189,"Lopez, Collins and Martin Foundation",Nagpur,21.048201832616854,79.09638396265746,Environment,"women, elderly",False,290,0.7516700469120117,494-710-0357x49789
NGO00190,Walker LLC Foundation,Nagpur,21.057005826649785,79.06993153644197,Elderly_Care,elderly,False,81,0.9636626287713548,(736)976-7921x787
NGO00191,"Gutierrez, Walker and Cook Foundation",Ahmedabad,22.991188856658802,72.59409855437039,Poverty_Alleviation,"elderly, women",False,283,0.6410496213560983,345-834-2291x633
NGO00192,Estrada Ltd Foundation,Bengaluru,13.058085556595763,77.68846602507033,Healthcare,disabled,False,118,0.6235505136760173,+1-792-784-1639x85371
NGO00193,Ramirez-Lowe Foundation,Pune,18.45802966970931,73.77726979441236,Women_Empowerment,elderly,False,93,0.9249888946474811,001-329-323-3981
NGO00194,Richard Ltd Foundation,Bhopal,23.251359959599377,77.42278883876811,Elderly_Care,"disabled, rural",False,477,0.7145313834185293,001-596-864-5299x8101
NGO00195,Summers PLC Foundation,Chennai,13.137078429265053,80.27403088014573,Poverty_Alleviation,women,False,175,0.6066077223116648,609.594.4139
NGO00196,"White, Ortega and Schmidt Foundation",Chennai,13.062385033747894,80.3662719267624,Disaster_Relief,children,False,191,0.9588221709384737,001-832-317-4536
NGO00197,Conley-Lee Foundation,Bhopal,23.262741434895457,77.47976127392357,Disability_Support,"rural, disabled",False,126,0.9404171771422616,712.734.8701x0760
NGO00198,Hodges-Aguirre Foundation,Bengaluru,12.996728325640506,77.57154232997304,Elderly_Care,elderly,False,111,0.8040627689056912,001-231-291-7380x364
NGO00199,Russell Group Foundation,Jaipur,26.903520507500335,75.75996675638325,Education,women,False,321,0.754431944084709,(892)385-7257x7725
NGO00200,"Johnson, Moore and Ross Foundation",Pune,18.465510799320725,73.79454180106116,Disaster_Relief,children,False,443,0.8349497520525819,001-845-803-9834x6905
NGO00201,"Barnett, Casey and Jackson Foundation",Indore,22.688235277406466,75.89285695073424,Environment,"children, women",False,190,0.768448674710111,001-676-204-7558x1333
NGO00202,Hall-Lane Foundation,Nagpur,21.104517127684858,79.1388405130281,Education,"elderly, women",False,111,0.6501037560644908,419-415-4464x39096
NGO00203,"Mcdonald, Ramirez and Ray Foundation",Ahmedabad,23.019474294919434,72.64950049746957,Disability_Support,disabled,False,56,0.7625264449113106,593.858.6943x31883
NGO00204,Foster and Sons Foundation,Indore,22.761560186413828,75.8602494283702,Poverty_Alleviation,children,False,417,0.6875424324990891,(296)789-9323x01053
NGO00205,Neal Ltd Foundation,Kolkata,22.63223416052357,88.42122261224358,Healthcare,children,False,369,0.8847246279931597,001-694-494-4932x6488
NGO00206,Torres Group Foundation,Jaipur,26.99093553066898,75.78773622830782,Healthcare,disabled,False,258,0.708133119109409,987-324-2284x376
NGO00207,"Jenkins, Smith and Rose Foundation",Hyderabad,17.348615308885627,78.41692203697295,Poverty_Alleviation,"rural, children",False,68,0.8900688402322297,+1-464-332-9236x828
NGO00208,"Padilla, Stephens and Logan Foundation",Pune,18.459246585939116,73.83981190642467,Disability_Support,"disabled, women",False,69,0.7570246174468731,5512765407
NGO00209,"Fischer, Arnold and Beck Foundation",Lucknow,26.883946656019287,80.85303908998424,Elderly_Care,women,False,384,0.632499316678921,782-411-6592
NGO00210,"Fisher, Carson and Bell Foundation",Pune,18.43546882351463,73.94602774544299,Disability_Support,"elderly, women",True,449,0.7258517334178527,239.966.0428x29952
NGO00211,"Perez, Hudson and Reed Foundation",Mumbai,19.008025648036927,72.77924605346807,Environment,"elderly, women",True,92,0.8476743019512593,211-875-7393
NGO00212,Hester-Cohen Foundation,Mumbai,19.034385994214617,72.88673470144653,Environment,"children, elderly",False,120,0.8810294365192973,(812)562-2753
NGO00213,"Mcpherson, Bennett and Howell Foundation",Indore,22.68476708790083,75.91406803823459,Child_Welfare,women,False,265,0.823775351977125,001-946-776-7450x57365
NGO00214,"Arroyo, Bennett and Chen Foundation",Ahmedabad,23.106705903210763,72.57842135600012,Education,children,False,124,0.6482802350904415,(976)648-2885x046
NGO00215,Best-Buchanan Foundation,Jaipur,26.994199598874562,75.76450620980525,Environment,children,False,358,0.7394099898287672,4963971249
NGO00216,Bond Inc Foundation,Nagpur,21.094022089537045,79.03267828710241,Child_Welfare,"women, elderly",False,118,0.7717955385083459,+1-397-535-3442x325
NGO00217,"Scott, Hill and Acevedo Foundation",Indore,22.70329815285705,75.76538578372892,Education,disabled,False,486,0.6504191776931227,001-393-720-7076x121
NGO00218,"Lee, Ramirez and Lopez Foundation",Hyderabad,17.406661805620715,78.46437863607677,Elderly_Care,"women, rural",False,264,0.9277715963590633,001-828-745-3628x5072
NGO00219,Johnson-Cochran Foundation,Delhi,28.596164539364654,77.22956894935727,Child_Welfare,disabled,False,446,0.923699001207865,(405)220-7914
NGO00220,Nixon Group Foundation,Indore,22.758665881290515,75.90592140832592,Rural_Development,"children, disabled",False,416,0.7720356621193771,(507)550-5298x1090
NGO00221,Henderson Group Foundation,Kanpur,26.50370464775653,80.36545120503972,Child_Welfare,women,False,215,0.9789257886062244,001-502-318-4401x22447
NGO00222,Davidson and Sons Foundation,Hyderabad,17.320559667713052,78.39694790822928,Environment,"elderly, rural",False,405,0.7678826663681901,+1-441-643-3373
NGO00223,Leonard-Chang Foundation,Pune,18.464265636806182,73.80827285072897,Disaster_Relief,"women, elderly",True,324,0.9764386811410255,9779341240
NGO00224,"Fisher, Harris and Lawrence Foundation",Hyderabad,17.378709389958296,78.56016910094043,Child_Welfare,"women, disabled",True,90,0.8652308979891697,+1-640-752-5872x0406
NGO00225,Roberts-Prince Foundation,Ahmedabad,23.08891241935083,72.48814482662178,Women_Empowerment,"women, elderly",False,245,0.7852508658757062,367.803.0055x060
NGO00226,"Bruce, Anderson and Williams Foundation",Kanpur,26.533173021348478,80.31310878181984,Disaster_Relief,rural,False,313,0.6327007269807184,001-826-916-4973x124
NGO00227,"Crawford, White and Murray Foundation",Pune,18.59417015036023,73.83966959396197,Women_Empowerment,disabled,False,135,0.8619242653354134,596.376.7083
NGO00228,Mcgee PLC Foundation,Jaipur,26.841062007255125,75.77638108571557,Education,women,False,405,0.6654975280364425,(785)897-1636x2541
NGO00229,Green Inc Foundation,Chennai,13.01070784625287,80.30484390514141,Women_Empowerment,elderly,False,246,0.6911027857165382,+1-552-484-8717x286
NGO00230,Miller-Young Foundation,Mumbai,19.136392801004515,72.92835942410981,Child_Welfare,"women, elderly",False,333,0.6856911789579658,3353904219
NGO00231,Green Ltd Foundation,Nagpur,21.05140106389449,79.17455770861024,Rural_Development,"children, elderly",True,90,0.8545720100213028,+1-695-763-6321x21868
NGO00232,Choi-Evans Foundation,Thane,19.291790191077773,72.9729128433811,Education,"elderly, children",False,67,0.6858717861689697,675.663.6218x6276
NGO00233,"Beasley, Lawson and Henry Foundation",Bengaluru,12.886867128433291,77.62566521427652,Healthcare,rural,False,391,0.7770312569849166,794-394-0671x33343
NGO00234,Thompson Inc Foundation,Pune,18.500476135972743,73.78932422317342,Rural_Development,disabled,True,469,0.812093767493118,+1-819-763-1588x6832
NGO00235,Lee Group Foundation,Kanpur,26.502986443348952,80.38074705168745,Disaster_Relief,"elderly, disabled",False,374,0.9398681444054264,001-241-331-4497x52077
NGO00236,"Parrish, Davila and Dixon Foundation",Kolkata,22.536375456841238,88.29916617075361,Poverty_Alleviation,"children, rural",False,272,0.7038652415873718,475-860-4884x387
NGO00237,Wong-Peters Foundation,Mumbai,19.166182297629568,72.81912269470992,Child_Welfare,"rural, elderly",False,292,0.8928768738164949,518.238.7324x0015
NGO00238,Smith-Miller Foundation,Indore,22.752042523580023,75.83842710525049,Poverty_Alleviation,"rural, children",False,450,0.9505662521640741,269-674-8135x8722
NGO00239,Davis-Moore Foundation,Kanpur,26.487584269248632,80.27725164938889,Environment,disabled,False,384,0.8459567143221487,822-862-0214x6541
NGO00240,"Oconnell, Dean and Wagner Foundation",Indore,22.66179385794234,75.85848580154484,Child_Welfare,women,False,208,0.719779741921218,659-571-3219x7579
NGO00241,Miranda Group Foundation,Thane,19.20817317432503,72.97673910395758,Women_Empowerment,women,True,99,0.7470420275533487,276.272.9338x2701
NGO00242,Gutierrez LLC Foundation,Bengaluru,12.90544951948858,77.51631107155453,Elderly_Care,children,False,438,0.7990053867830974,681-335-2718
NGO00243,Campbell Inc Foundation,Chennai,13.094622988470908,80.20394306037406,Disaster_Relief,rural,False,472,0.6591758845308713,(296)797-6980x334
NGO00244,"Smith, Grimes and Becker Foundation",Mumbai,19.018823248682587,72.88805644567883,Healthcare,"children, rural",False,362,0.7439084158748434,+1-434-864-2608
NGO00245,"Fernandez, Buck and Rodriguez Foundation",Thane,19.230886246301022,72.94851529596181,Rural_Development,"rural, children",True,492,0.6597883282040181,+1-874-948-4661x30292
NGO00246,Erickson-Bradley Foundation,Jaipur,26.971512672500456,75.8400208718326,Disaster_Relief,women,False,444,0.9337691316164838,(221)858-0637
NGO00247,Young-Fischer Foundation,Lucknow,26.852003123304325,80.95408530291525,Elderly_Care,"children, elderly",False,111,0.7542342741581451,001-799-341-2576x16704
NGO00248,Ellis PLC Foundation,Jaipur,27.004238697291704,75.68848835116887,Education,"women, children",True,401,0.8103090361401256,+1-548-315-0315x2943
NGO00249,Duncan PLC Foundation,Chennai,13.075446347186265,80.19140871439056,Poverty_Alleviation,elderly,False,118,0.9390968856045538,(778)456-1759
NGO00250,Jarvis-Wood Foundation,Bengaluru,12.980308047546115,77.58932615109693,Rural_Development,elderly,False,156,0.7031827235052309,9327479818
NGO00251,Bartlett-Larson Foundation,Bengaluru,12.975002944777344,77.53393728682538,Child_Welfare,children,False,364,0.9555861291591832,747-533-0104
NGO00252,"Wright, Patterson and Pugh Foundation",Lucknow,26.875047408962804,80.97999032835213,Education,"disabled, children",False,463,0.6280548840336753,(654)401-2519
NGO00253,"Snyder, Martin and Haynes Foundation",Kanpur,26.396669673817094,80.24788302186933,Poverty_Alleviation,"disabled, children",False,426,0.8967069061449268,743.816.2580
NGO00254,Edwards LLC Foundation,Delhi,28.595316994563078,77.23911495822188,Rural_Development,disabled,False,156,0.7497426175376257,001-967-802-5199x202
NGO00255,"Patterson, Walters and Thornton Foundation",Delhi,28.621186079357898,77.25741851851166,Child_Welfare,women,False,53,0.9398274330997977,5142099357
NGO00256,"Myers, Nunez and Johnson Foundation",Lucknow,26.811867118968998,81.00332035848461,Education,"women, disabled",False,449,0.8404528816548114,785.948.0138x2879
NGO00257,Taylor LLC Foundation,Jaipur,26.88877152504437,75.81806767796333,Healthcare,"children, elderly",False,435,0.727664514314295,4545153081
NGO00258,Gibbs and Sons Foundation,Delhi,28.653645384740777,77.1414561648628,Poverty_Alleviation,women,False,457,0.7548630644583851,280-760-3043x420
NGO00259,"Ortega, Park and Bowen Foundation",Nagpur,21.20234714207204,79.13743010076536,Child_Welfare,"rural, disabled",True,151,0.6640787201363363,526-868-8459x317
NGO00260,Conley-Graham Foundation,Jaipur,26.867797915077443,75.75444127817399,Disability_Support,women,False,243,0.9172004228152477,804-212-5230x74047
NGO00261,Taylor-Thornton Foundation,Bengaluru,12.874869333047238,77.58097057314761,Rural_Development,"disabled, children",True,191,0.9756719918314183,454-368-9231
NGO00262,Murphy-Johnson Foundation,Bhopal,23.238908107136297,77.42544359540668,Disaster_Relief,disabled,False,190,0.6523651353188817,(815)900-3259
NGO00263,Nichols-Cook Foundation,Ahmedabad,22.998767163424457,72.6244380405962,Child_Welfare,"elderly, disabled",False,341,0.6518264493147972,(825)897-6687
NGO00264,Johnson PLC Foundation,Thane,19.315699015490875,73.04327268420846,Child_Welfare,"disabled, children",True,276,0.8372721852394219,304.324.2491x4751
NGO00265,Flores PLC Foundation,Thane,19.215805514080998,72.88620390508792,Disability_Support,disabled,False,437,0.8634777937663898,001-675-591-3599
NGO00266,Waters-Hobbs Foundation,Delhi,28.578338690129595,77.1116809628504,Disability_Support,women,False,409,0.7419377589313373,258.700.8009x85350
NGO00267,"Wilson, Carter and Wagner Foundation",Kolkata,22.502519531229513,88.4290947339167,Healthcare,"children, disabled",False,495,0.7516041262808747,+1-970-791-4955x376
NGO00268,Lambert LLC Foundation,Jaipur,26.918296576475882,75.82418980969264,Rural_Development,rural,True,296,0.6882165744544348,(732)844-6533
NGO00269,"Hansen, Ball and Ortiz Foundation",Lucknow,26.893476194654745,80.90313107869872,Environment,disabled,False,57,0.6393095243433152,(545)815-5705x796
NGO00270,"Richardson, Miller and Miranda Foundation",Bengaluru,12.901896422605992,77.57471787146396,Disability_Support,"children, elderly",False,355,0.7692524095592534,001-538-581-1053x248
NGO00271,"Smith, Moore and Morales Foundation",Pune,18.607408839278143,73.86973950423555,Elderly_Care,"elderly, children",True,279,0.826290988217667,+1-794-219-6384x0602
NGO00272,"Watts, Robertson and Ortega Foundation",Jaipur,26.985902648540318,75.76566387464459,Disaster_Relief,"rural, elderly",False,215,0.826917267703596,001-390-318-9402x343
NGO00273,"Fisher, Baker and Gross Foundation",Bhopal,23.228052697869774,77.40616285923619,Disaster_Relief,"children, rural",False,217,0.9756894908673247,+1-461-290-0271x41160
NGO00274,"Kirby, Collins and Mcgee Foundation",Hyderabad,17.31828403710449,78.5655671217517,Women_Empowerment,disabled,False,333,0.8920666299063045,9942763839
NGO00275,Wong-Beck Foundation,Ahmedabad,22.996276924474802,72.5301604057631,Poverty_Alleviation,elderly,False,229,0.8140840041257337,(504)825-4934x2572
NGO00276,Friedman-Alexander Foundation,Lucknow,26.869441296369914,80.86010155930305,Environment,children,False,62,0.6695914411972725,(405)501-9474
NGO00277,"Leach, Lawrence and Ward Foundation",Mumbai,18.993856215255832,72.85518832347105,Rural_Development,elderly,False,169,0.8045230048182719,+1-985-578-0307x2953
NGO00278,Foster Inc Foundation,Ahmedabad,23.05992450407196,72.57111725747824,Disability_Support,elderly,False,288,0.7548873668562288,001-621-809-6585
NGO00279,Williams-Christian Foundation,Bhopal,23.28408921747515,77.39781126487291,Child_Welfare,disabled,False,187,0.7386008311871197,537.998.5147
NGO00280,"Gordon, Martin and Lester Foundation",Ahmedabad,23.0756704608074,72.54722786315452,Disability_Support,"women, disabled",False,444,0.8624337760573142,445-491-5859
NGO00281,Higgins Inc Foundation,Nagpur,21.05718958973969,79.06306511292257,Education,rural,False,372,0.6233120720258054,001-737-712-4674x138
NGO00282,Murillo PLC Foundation,Thane,19.22529334113308,72.90418789090667,Women_Empowerment,children,True,413,0.8997342098226633,721.581.6785
NGO00283,Griffin Group Foundation,Chennai,13.001348983844272,80.22340229012978,Environment,"rural, women",False,251,0.7579997825993562,+1-594-229-9269x748
NGO00284,Barker-Taylor Foundation,Indore,22.739019603122074,75.85548722337526,Rural_Development,women,False,240,0.6084910748311907,001-842-852-6086x6853
NGO00285,Oneal-Oneal Foundation,Ahmedabad,22.956216400699525,72.55026815861886,Child_Welfare,elderly,False,270,0.7121867348310762,(774)688-3314
NGO00286,Hayes Ltd Foundation,Indore,22.80360016694993,75.93924506862587,Healthcare,"disabled, rural",False,269,0.6886366422925684,(514)694-5839
NGO00287,Mueller-Ramos Foundation,Chennai,13.019505972936493,80.36157106906498,Environment,"women, children",True,498,0.6380047045354916,524.998.3835x87341
NGO00288,"Jefferson, Decker and Schwartz Foundation",Bengaluru,13.003634528329393,77.65352535820536,Women_Empowerment,"disabled, elderly",False,382,0.6420823856726505,834-629-7247
NGO00289,King-Ramirez Foundation,Chennai,13.08346387406571,80.2618515405723,Education,children,False,298,0.6013704457204554,001-914-555-7555x33323
NGO00290,"Harris, Floyd and Cole Foundation",Jaipur,26.835258936228477,75.74551577627513,Disability_Support,children,False,484,0.9673136970604014,524.942.0642x738
NGO00291,Thomas Inc Foundation,Lucknow,26.76360914452248,80.85504885380357,Women_Empowerment,"rural, disabled",False,454,0.8726399715212363,458-467-2348
NGO00292,Hodges Ltd Foundation,Jaipur,26.86640049622424,75.7578536931714,Environment,"women, rural",False,251,0.762770108322879,+1-535-651-3151x3639
NGO00293,"Thomas, Schwartz and Sanford Foundation",Jaipur,26.89801857532499,75.85581767588674,Women_Empowerment,disabled,False,252,0.7280151465011004,001-216-315-6653
NGO00294,Williams-Robertson Foundation,Bengaluru,13.048355491641718,77.51629966901409,Education,women,False,269,0.696318350991952,293.440.6842x96431
NGO00295,Morrow Inc Foundation,Nagpur,21.06501519512767,79.15508999146955,Rural_Development,elderly,False,494,0.8054344160623477,+1-436-905-3100x877
NGO00296,Lopez-Glover Foundation,Bengaluru,13.033449167350698,77.65872511861343,Disaster_Relief,women,False,313,0.9180978106797828,8022519109
NGO00297,Wilkerson and Sons Foundation,Kanpur,26.495720656718976,80.28228165307348,Healthcare,women,False,222,0.7109474450473301,722.702.7437x790
NGO00298,Perez Ltd Foundation,Hyderabad,17.382978828426168,78.4624381326666,Education,"elderly, disabled",True,356,0.7489196899556471,(340)887-2428x2433
NGO00299,Kirk Inc Foundation,Jaipur,26.851953525523506,75.85116922974436,Disability_Support,rural,False,422,0.6012817185492111,+1-982-616-6888x086
NGO00300,Rosales PLC Foundation,Bengaluru,12.989689337652395,77.52709010556893,Environment,"children, women",False,233,0.9434154697420469,+1-338-651-7812x831
NGO00301,"Rojas, Mclean and Walker Foundation",Jaipur,26.969272789088233,75.74114663571487,Elderly_Care,"children, rural",False,76,0.8084805820607811,339-418-9009
NGO00302,Adams Inc Foundation,Ahmedabad,23.021706577988283,72.53113679676282,Women_Empowerment,"rural, disabled",False,308,0.6408114010026303,001-280-923-3205
NGO00303,Martinez Group Foundation,Hyderabad,17.2938590861994,78.50451203070506,Elderly_Care,women,False,181,0.6001176981277022,792.351.1905
NGO00304,Wright Ltd Foundation,Ahmedabad,22.929368676870645,72.60204625376137,Education,"children, disabled",False,420,0.8916525442502383,+1-385-526-1708
NGO00305,Lopez PLC Foundation,Jaipur,26.919946514156642,75.85871683556284,Rural_Development,women,True,469,0.8884545653304903,504-755-3126x01074
NGO00306,Cervantes-Avila Foundation,Mumbai,19.047834717575753,72.85437032685304,Poverty_Alleviation,disabled,True,369,0.729067701106443,001-703-224-7488x74856
NGO00307,Peters-Olsen Foundation,Indore,22.68933625779699,75.79364938026765,Education,women,True,235,0.6841580615521106,+1-612-247-0182
NGO00308,Wallace-Davis Foundation,Delhi,28.605263265241266,77.27417068686779,Disability_Support,"disabled, children",False,237,0.7013854371950554,677-208-2975
NGO00309,"Farmer, Johnson and Lewis Foundation",Bengaluru,13.049238845169633,77.63349594839067,Child_Welfare,"elderly, rural",False,247,0.6688106668770176,801.587.0067x444
NGO00310,Lewis PLC Foundation,Kanpur,26.48128082119195,80.38083780432756,Education,"disabled, children",False,79,0.9722828636456148,7112556010
NGO00311,Johnson Ltd Foundation,Jaipur,26.832812357027567,75.73387279795817,Rural_Development,"children, elderly",False,332,0.8454549902243564,001-934-397-6989x17352
NGO00312,"Lane, Jones and Stephens Foundation",Nagpur,21.11076456302784,79.14601803031928,Poverty_Alleviation,disabled,False,235,0.9081861218998093,625-913-0998
NGO00313,Welch-Owen Foundation,Indore,22.6616924434284,75.83090267836802,Disaster_Relief,women,False,455,0.6676903868587459,367.648.5364x298
NGO00314,Mccarty Inc Foundation,Kanpur,26.436891821270244,80.2542945940974,Disability_Support,"rural, women",False,129,0.8718342207500781,+1-812-455-4791x5595
NGO00315,Marks and Sons Foundation,Delhi,28.659211757444854,77.25120454352046,Environment,"disabled, rural",False,458,0.929837694667722,(746)882-8981x5039
NGO00316,"Williamson, Torres and Cook Foundation",Hyderabad,17.457335597238902,78.41311575646947,Education,"rural, women",True,286,0.9278640129689163,(203)791-4676x07061
NGO00317,"Blankenship, Baker and Smith Foundation",Chennai,13.07317483540466,80.19623332699646,Healthcare,women,False,460,0.6256504669715073,001-933-699-0209x19572
NGO00318,Bradley and Sons Foundation,Thane,19.305078687629972,72.94271774945891,Elderly_Care,rural,True,498,0.6569301886975192,+1-588-856-5097
NGO00319,Robinson Ltd Foundation,Lucknow,26.85797429928908,80.94500549857338,Women_Empowerment,rural,True,299,0.9233444024173798,412-287-8889x4379
NGO00320,"Davis, Black and Wood Foundation",Ahmedabad,23.121569759285446,72.53669938950328,Disability_Support,"children, rural",False,389,0.6692790629655829,613.772.1285
NGO00321,"Walker, Ward and Newman Foundation",Nagpur,21.205778260853766,79.17326561077283,Poverty_Alleviation,"children, rural",False,111,0.8032638179921221,+1-301-504-6882x041
NGO00322,Dalton-Wright Foundation,Lucknow,26.81162002145593,80.93001167973263,Education,"elderly, women",True,450,0.745012208069521,707.217.9519x408
NGO00323,Murray and Sons Foundation,Delhi,28.54999660161363,77.25901681498974,Child_Welfare,disabled,False,334,0.7303132515713097,001-553-477-6322x16387
NGO00324,Taylor-Grant Foundation,Bengaluru,12.971652901495492,77.66548459206552,Healthcare,disabled,True,237,0.6156052220237124,364.435.9243
NGO00325,Weaver-Cooper Foundation,Jaipur,26.839984597952743,75.88366344199297,Women_Empowerment,"elderly, children",True,98,0.8377923777311443,+1-829-453-4881
NGO00326,Scott-Williams Foundation,Pune,18.461280754953105,73.80595314479616,Education,women,False,436,0.610203742532974,723.993.5277x15486
NGO00327,"Martin, Williams and Keith Foundation",Pune,18.53555001670406,73.92113658116335,Child_Welfare,"disabled, women",False,478,0.6055588448979266,(289)854-7527
NGO00328,Poole Ltd Foundation,Kolkata,22.53014930251028,88.46050303125006,Disaster_Relief,disabled,False,53,0.9375781994644803,3379779610
NGO00329,Smith LLC Foundation,Bengaluru,12.898569272503746,77.54586254265219,Women_Empowerment,women,False,77,0.7656987038363186,(814)731-3425
NGO00330,"Duncan, Frank and Reese Foundation",Kolkata,22.590467675590112,88.29232139196652,Women_Empowerment,"children, elderly",False,415,0.6191584621394643,8557557390
NGO00331,"Ramirez, Willis and Smith Foundation",Indore,22.642760977869482,75.8246330019969,Child_Welfare,"rural, disabled",False,243,0.6306748557415075,4752573317
NGO00332,Keith-Hamilton Foundation,Nagpur,21.0577088276005,79.0993014704654,Women_Empowerment,"disabled, elderly",False,477,0.8070518480285793,485.624.9248x43777
NGO00333,Jenkins LLC Foundation,Nagpur,21.10795838250693,79.1081888582809,Environment,"elderly, children",False,91,0.9251373351468333,2628446034
NGO00334,Johnson-Harris Foundation,Hyderabad,17.349566477887297,78.39988817761186,Environment,"disabled, elderly",False,494,0.8446213741833537,001-247-302-3215
NGO00335,Yoder Ltd Foundation,Indore,22.73303271185665,75.81880623326897,Rural_Development,"elderly, disabled",False,442,0.749522609223678,700.728.2086
NGO00336,Vargas LLC Foundation,Mumbai,19.1405488062079,72.96705985555916,Poverty_Alleviation,"women, disabled",False,180,0.9667995102828191,001-852-833-2669x1300
NGO00337,Berry-Hill Foundation,Bengaluru,12.871666031851897,77.58905269215904,Healthcare,"disabled, children",True,327,0.7233118166356036,001-722-822-0446x496
NGO00338,Cole Ltd Foundation,Thane,19.127232005775443,72.94512485333924,Poverty_Alleviation,elderly,False,110,0.9163546240401812,370-539-3886
NGO00339,Fuller and Sons Foundation,Thane,19.316973500176417,73.07175966293204,Rural_Development,"elderly, children",False,227,0.8670256324705481,503-547-2335
NGO00340,Davis-Long Foundation,Hyderabad,17.317693587621257,78.43784646535471,Elderly_Care,"children, rural",False,353,0.8082525674442053,(480)920-0896x76039
NGO00341,Duran Group Foundation,Chennai,13.144675283007714,80.28759398632893,Rural_Development,"women, rural",True,118,0.7367853794555991,+1-517-712-9455x277
NGO00342,"Doyle, Martin and Turner Foundation",Ahmedabad,22.974397604647578,72.6104906246777,Education,children,False,257,0.9422249222387393,001-775-629-3800
NGO00343,Allen-Hanson Foundation,Ahmedabad,23.090705527551485,72.62376261937517,Disability_Support,elderly,True,283,0.9668670328481742,(231)353-7392
NGO00344,"Roberts, Fisher and Smith Foundation",Mumbai,18.986675098835452,72.91540243768192,Disaster_Relief,"children, rural",False,253,0.9665805114497998,643-521-2007
NGO00345,Williams-Fisher Foundation,Mumbai,19.152417095774315,72.84797857776891,Elderly_Care,"disabled, women",False,445,0.6941927174831013,+1-265-246-9059x1137
NGO00346,"Edwards, Shaffer and Mosley Foundation",Thane,19.29647152290154,73.07570160856959,Healthcare,elderly,False,209,0.9614211091913928,222-651-1115
NGO00347,Cruz-White Foundation,Bhopal,23.278963909156577,77.45062626958737,Poverty_Alleviation,"women, disabled",False,111,0.7793364128514543,+1-215-338-4199x886
NGO00348,Walker Ltd Foundation,Pune,18.54949368510363,73.76565447450362,Elderly_Care,women,False,409,0.9225396633408791,(612)616-7954x62046
NGO00349,Bell Ltd Foundation,Lucknow,26.75598976345715,80.87790830711833,Education,"rural, women",False,414,0.7295556345193943,001-993-314-6272x302
NGO00350,Trevino-King Foundation,Pune,18.483718890681956,73.94930815654713,Disability_Support,children,False,282,0.7446151305199422,+1-651-560-5215x224
NGO00351,Jackson-Davis Foundation,Indore,22.66103629437889,75.78950502615328,Rural_Development,women,False,396,0.7812240617022645,(486)625-1655
NGO00352,Cook-Keller Foundation,Lucknow,26.807931858493223,80.87591748552428,Child_Welfare,"rural, disabled",False,244,0.9665404706046281,500.310.7484x6477
NGO00353,"Reeves, Tucker and Taylor Foundation",Ahmedabad,22.949120307719724,72.64133492362691,Disability_Support,rural,True,231,0.814976606310831,+1-817-741-1819x140
NGO00354,Davis-Wright Foundation,Mumbai,19.117137529290478,72.80809333736843,Disaster_Relief,children,False,117,0.8286346082701657,(390)892-3871x2701
NGO00355,Brown Group Foundation,Nagpur,21.123436200209138,79.0724459467371,Disability_Support,disabled,False,433,0.6191379396174904,5284506109
NGO00356,"Sandoval, Jones and Pierce Foundation",Kolkata,22.52603690343414,88.30742280488977,Disability_Support,"elderly, children",True,135,0.7755593702617004,(604)964-6012x91950
NGO00357,Miller and Sons Foundation,Lucknow,26.83663233262258,80.90228597231471,Disability_Support,"disabled, women",False,352,0.9166675357919962,+1-740-238-2183
NGO00358,Perkins and Sons Foundation,Lucknow,26.858580423179646,80.85535526788576,Healthcare,elderly,False,50,0.6213596319891644,001-229-942-0084x879
NGO00359,"Adams, Salazar and Baker Foundation",Delhi,28.583628895671144,77.22574804505484,Rural_Development,"rural, women",False,91,0.7099906938356604,877.349.6932
NGO00360,"Day, Brooks and Miller Foundation",Chennai,13.06253615299778,80.28933835151159,Disability_Support,"rural, children",False,225,0.8723317188908049,6923037568
NGO00361,Harrison PLC Foundation,Thane,19.308654656881927,73.01781605429055,Elderly_Care,"elderly, women",False,254,0.9592360910934823,981.650.3549x5956
NGO00362,Johnson-Anderson Foundation,Mumbai,19.024464046274147,72.87200327427921,Disaster_Relief,"elderly, children",False,87,0.7065008140662827,4764986736
NGO00363,"Ford, Lozano and Fleming Foundation",Hyderabad,17.343291254274675,78.41965456038237,Poverty_Alleviation,"rural, elderly",False,320,0.6228082830835429,9113439668
NGO00364,Mitchell Ltd Foundation,Delhi,28.553972060800692,77.21751404068162,Environment,"women, rural",False,240,0.8273167204016664,(964)901-5719x3603
NGO00365,Leach-Kelly Foundation,Kanpur,26.432252910045275,80.25127843223284,Healthcare,"elderly, rural",False,89,0.7212367319143917,+1-521-388-5543x4156
NGO00366,"Cooper, Ward and Navarro Foundation",Jaipur,26.95625756003046,75.77513843313653,Education,rural,False,79,0.814541942182838,250-694-6881x466
NGO00367,Ferguson-Diaz Foundation,Bengaluru,13.007999489456147,77.56209493900734,Environment,"women, disabled",False,499,0.631438086781982,480.399.2172x65549
NGO00368,Simmons PLC Foundation,Kolkata,22.579006937366678,88.29921083844857,Elderly_Care,women,False,307,0.840535673393119,(925)829-0595
NGO00369,Mckee-Harris Foundation,Hyderabad,17.483557403652718,78.51121817958851,Education,rural,False,401,0.9210261534736801,983-827-0492x49575
NGO00370,Reynolds-Fields Foundation,Indore,22.800288739308186,75.77715627366936,Child_Welfare,rural,False,419,0.7474136043088514,001-212-202-4047x448
NGO00371,"Lewis, Macias and Hubbard Foundation",Pune,18.488335687545845,73.8835960146347,Disaster_Relief,rural,False,106,0.8389000467013499,653.209.5960
NGO00372,Bowman-Torres Foundation,Nagpur,21.214997775477446,79.05080184383938,Healthcare,"disabled, children",False,420,0.9612453373958598,463-353-9962
NGO00373,"Freeman, Townsend and Sims Foundation",Lucknow,26.92883554798366,81.037956920945,Disability_Support,"disabled, rural",True,159,0.8674263331013734,699.674.1587x961
NGO00374,"Dominguez, Johnson and Stephenson Foundation",Jaipur,26.849787069008336,75.81468871508538,Child_Welfare,"women, elderly",False,481,0.9379445571673872,(284)826-6539x30647
NGO00375,Ferguson Group Foundation,Kolkata,22.546540544401857,88.29732063278172,Child_Welfare,children,False,419,0.8849389277852612,+1-521-857-2461x0006
NGO00376,Baker-Joseph Foundation,Chennai,13.095189788254284,80.1954521332168,Women_Empowerment,disabled,False,285,0.9480984969589046,998-904-3260x47172
NGO00377,Wilkins Ltd Foundation,Lucknow,26.86340590977318,80.91606540719519,Environment,"rural, elderly",False,387,0.6063966615470133,6777805197
NGO00378,"Beck, Jackson and Smith Foundation",Mumbai,19.05156365676898,72.9521106862759,Environment,elderly,False,75,0.9591446609771876,(979)859-1990
NGO00379,"Scott, Rodriguez and Price Foundation",Indore,22.637256499716983,75.7980881729024,Child_Welfare,elderly,False,259,0.6464027961190777,(817)491-0126x55847
NGO00380,Weaver-Morgan Foundation,Nagpur,21.15109970546565,79.09144661958716,Poverty_Alleviation,"children, rural",False,251,0.6066841681607593,439.656.2794
NGO00381,Martin and Sons Foundation,Bhopal,23.187254957624265,77.48158989471322,Environment,disabled,False,198,0.9452655634082228,973-684-4391x24929
NGO00382,"Wade, Dyer and Schmidt Foundation",Pune,18.610593637290478,73.8730874427988,Education,"women, children",False,281,0.7385366597452157,419-797-5990
NGO00383,"Rose, Hernandez and Harmon Foundation",Hyderabad,17.384247034773992,78.56675540542554,Poverty_Alleviation,"rural, disabled",False,343,0.9674660757436097,5908696886
NGO00384,"Rivas, Rogers and Barnett Foundation",Kanpur,26.50286747942055,80.31295135611443,Environment,rural,False,378,0.6936450267015891,632.898.0403
NGO00385,Ponce Ltd Foundation,Delhi,28.633644668211346,77.19778672994063,Disability_Support,disabled,False,254,0.7142358127451439,(806)335-7903
NGO00386,Goodwin-Burke Foundation,Kanpur,26.5377391723269,80.37700113701835,Environment,children,False,139,0.8631794041708241,+1-305-654-9340
NGO00387,Castillo-Harris Foundation,Ahmedabad,22.948156421389868,72.48508925098581,Environment,"children, women",False,104,0.6082238819511295,(688)248-8746x45931
NGO00388,Hutchinson Ltd Foundation,Chennai,13.126406658594009,80.20193299179752,Child_Welfare,"children, elderly",True,100,0.6164235761568837,451-316-4567x76756
NGO00389,"Jones, Fletcher and Jackson Foundation",Bengaluru,12.989222010662592,77.57075165814364,Rural_Development,women,False,95,0.7301395713696149,4076270412
NGO00390,Gross and Sons Foundation,Ahmedabad,22.939047736950172,72.62510002147255,Environment,"women, children",False,484,0.7612631714652737,7086649495
NGO00391,Garza LLC Foundation,Lucknow,26.931996220142278,80.91699434959578,Environment,rural,False,419,0.6570091881896752,+1-302-833-3809x312
NGO00392,"Sawyer, Cardenas and Ryan Foundation",Kanpur,26.547275369388345,80.29234987898265,Healthcare,"rural, disabled",True,78,0.8471836729979813,+1-888-667-0694x9254
NGO00393,"Waters, Jones and Ellis Foundation",Kolkata,22.49712384409149,88.32312342612238,Rural_Development,"children, rural",False,223,0.6238832577379773,+1-551-876-5686x0362
NGO00394,"Schmidt, Snow and Duran Foundation",Chennai,13.05650293986919,80.28912144269421,Women_Empowerment,children,False,149,0.8375791622623134,(539)818-1139x129
NGO00395,Jenkins Ltd Foundation,Bhopal,23.251788302374727,77.43717522980411,Environment,"disabled, elderly",True,158,0.9176235020483826,+1-979-908-6830
NGO00396,Cooper Ltd Foundation,Pune,18.501787182406268,73.94909652400007,Environment,"children, women",False,218,0.7202023816636026,+1-915-862-8524x54212
NGO00397,Dougherty PLC Foundation,Hyderabad,17.45211493791542,78.50228142850038,Rural_Development,rural,False,302,0.7712359982135047,+1-538-922-0435x649
NGO00398,Garza-Park Foundation,Jaipur,26.877866725149968,75.88437152195495,Education,"disabled, elderly",False,346,0.7990253712290414,535-763-8170
NGO00399,"Gonzalez, Marquez and Rivers Foundation",Pune,18.49700767008365,73.7878080183001,Healthcare,children,False,250,0.6009703635418642,(851)464-5292
NGO00400,Stone and Sons Foundation,Nagpur,21.17128912196339,78.98825049089811,Poverty_Alleviation,rural,False,327,0.9786783873313755,561.382.0660x041
NGO00401,"Parks, Jimenez and Rojas Foundation",Mumbai,19.17536299521419,72.92423439400014,Child_Welfare,"disabled, elderly",True,188,0.8777654491012241,238-747-5920x352
NGO00402,Downs-Brown Foundation,Jaipur,26.84538933215164,75.79214680757666,Environment,"elderly, disabled",False,492,0.7771986420594761,360.658.5418
NGO00403,Smith-Wall Foundation,Kanpur,26.404077211005273,80.24056912398547,Child_Welfare,rural,False,218,0.7983605510577806,001-667-247-6347
NGO00404,Sweeney PLC Foundation,Bengaluru,12.88215667010314,77.53065430720368,Disaster_Relief,elderly,False,112,0.6778669326000849,4326021151
NGO00405,"Lee, Robinson and Brooks Foundation",Hyderabad,17.47767867567397,78.42972604528494,Disability_Support,children,False,471,0.7779560852038809,(548)426-8124
NGO00406,Turner-Williams Foundation,Delhi,28.56032572042062,77.1185224756855,Environment,"elderly, women",False,203,0.8560054835764173,+1-538-617-2201x0095
NGO00407,Sexton-Smith Foundation,Jaipur,26.928629582994652,75.85025373626941,Disaster_Relief,children,True,425,0.8786457524297075,249-809-5420
NGO00408,Eaton-Andrews Foundation,Chennai,13.041328102051615,80.26074132322303,Women_Empowerment,rural,False,103,0.9142194288537242,7606911133
NGO00409,"Williams, Alvarado and Salazar Foundation",Mumbai,19.13847100882008,72.94972946219245,Disability_Support,"rural, elderly",False,108,0.971103188896146,(563)607-6653x413
NGO00410,"Allen, Ruiz and Paul Foundation",Nagpur,21.08893827359458,79.02332876650777,Child_Welfare,women,False,326,0.9311157896682389,944-477-9731
NGO00411,Ford LLC Foundation,Lucknow,26.7807609409887,80.98348217632463,Disability_Support,"women, children",True,299,0.8353801904951277,(353)389-6893x9169
NGO00412,Johnson LLC Foundation,Ahmedabad,22.968383735303142,72.50294406341665,Women_Empowerment,"children, rural",False,284,0.7180894442415201,453-739-1270
NGO00413,Richardson and Sons Foundation,Thane,19.275343175025043,72.9806426963186,Rural_Development,"children, elderly",False,466,0.809603311106521,001-360-741-8113x15924
NGO00414,Rowe PLC Foundation,Chennai,13.126463808734707,80.18757814931405,Education,rural,True,333,0.6666222377838676,9068444192
NGO00415,"Zimmerman, Cox and Werner Foundation",Ahmedabad,22.961596681272702,72.501426769166,Elderly_Care,"elderly, disabled",True,154,0.7954119478105015,(936)901-0910
NGO00416,"Burch, Ochoa and Thornton Foundation",Delhi,28.66178229109134,77.12425031286925,Environment,"children, elderly",False,462,0.8774041757343396,223-453-6972x0583
NGO00417,Brown Group Foundation,Kanpur,26.44855288682102,80.41513020536289,Disaster_Relief,children,False,466,0.8629885349251197,336.683.1442
NGO00418,Chan-Jimenez Foundation,Kanpur,26.41273348255839,80.30674255914782,Poverty_Alleviation,women,False,495,0.6181388400779273,619.833.6172x960
NGO00419,Conner LLC Foundation,Mumbai,19.077108229954657,72.85316555486045,Education,women,False,182,0.6696955961745933,001-802-873-9197
NGO00420,Watts and Sons Foundation,Indore,22.72869484654764,75.9243099262138,Women_Empowerment,"rural, children",False,96,0.6286645664493283,(891)596-1446x88097
NGO00421,Mccoy PLC Foundation,Jaipur,26.91727509733107,75.85579442571867,Disability_Support,disabled,False,92,0.7798745881464644,481.320.0073x54630
NGO00422,Williams-Hughes Foundation,Bhopal,23.19066531534471,77.36115965290553,Women_Empowerment,"women, disabled",True,281,0.8512230316348693,8329136168
NGO00423,Beltran Group Foundation,Kolkata,22.578268938687312,88.42461352028006,Women_Empowerment,"elderly, children",False,68,0.9252708269501545,745.844.4260
NGO00424,Garcia-Johnston Foundation,Chennai,13.124783960248134,80.18896984543412,Women_Empowerment,children,False,159,0.7194758100220422,261.515.6850x698
NGO00425,Gonzalez-Thomas Foundation,Kanpur,26.422660421686466,80.37261701179976,Poverty_Alleviation,children,False,142,0.8329808864631241,940.345.8357x25049
NGO00426,Cruz-Castro Foundation,Bengaluru,13.04310931798737,77.59743410934152,Education,"children, elderly",False,206,0.706800661046051,904-309-0060x0695
NGO00427,Walls Ltd Foundation,Pune,18.435753347428996,73.81874757228815,Environment,"women, disabled",False,95,0.9353901370169597,001-961-931-4346x17147
NGO00428,"Smith, Perez and Jones Foundation",Indore,22.78615933475356,75.82614528906096,Disaster_Relief,children,False,119,0.8876721806951926,001-841-961-2851x74574
NGO00429,Wallace Group Foundation,Nagpur,21.162782300054364,78.99063751020235,Child_Welfare,"children, women",False,193,0.8004275973119558,(880)510-7401x3714
NGO00430,Coleman Ltd Foundation,Nagpur,21.18277060066564,79.17822469109147,Healthcare,"children, elderly",True,395,0.8247348169015872,+1-966-998-4744x3839
NGO00431,Evans Group Foundation,Chennai,13.162475808115866,80.3254013697602,Environment,"women, disabled",True,96,0.6141478566658709,551-273-6780
NGO00432,Jordan PLC Foundation,Mumbai,19.124162518302004,72.7826428758777,Healthcare,"children, rural",False,65,0.6536996898930476,622.453.5026x38744
NGO00433,Watts-Gross Foundation,Ahmedabad,22.988045391336414,72.54659222043227,Disaster_Relief,disabled,False,63,0.9391243645643224,001-633-936-8909
NGO00434,Vazquez-Gonzalez Foundation,Bengaluru,12.878472605843372,77.66000197632938,Poverty_Alleviation,"elderly, disabled",False,67,0.743925550407456,(982)861-2754x409
NGO00435,Bennett-Neal Foundation,Delhi,28.61583088324838,77.25240300753279,Rural_Development,women,False,157,0.6060593608522581,878-500-1001x0440
NGO00436,Davis-Flores Foundation,Kanpur,26.462078728760783,80.41913830822304,Disability_Support,"rural, women",False,476,0.8826367534550453,001-437-216-4789x3703
NGO00437,Wilson Ltd Foundation,Kanpur,26.501221937947598,80.28654728389279,Women_Empowerment,children,False,96,0.7986744603781529,(619)780-0729x8198
NGO00438,Vazquez-Webb Foundation,Lucknow,26.871334648606275,80.91571837644595,Education,disabled,False,126,0.7085063163904227,+1-877-979-4432x4944
NGO00439,"Collier, Manning and Ortega Foundation",Ahmedabad,23.039700345470145,72.52806554772232,Women_Empowerment,disabled,False,398,0.9410933231701064,+1-897-875-8799x884
NGO00440,"Williams, Cooper and Young Foundation",Pune,18.53460167379493,73.76306040816394,Poverty_Alleviation,rural,False,295,0.8357778298214165,+1-383-627-5697x311
NGO00441,"Hart, Reed and Yu Foundation",Kanpur,26.382471658327564,80.37876468164372,Child_Welfare,"children, rural",False,165,0.6640380849113416,(372)465-4388x1163
NGO00442,"Hill, Conway and Simmons Foundation",Hyderabad,17.40935187721908,78.44968806113624,Education,"elderly, rural",True,179,0.9327190193337314,(432)650-5806x38804
NGO00443,"Robinson, Lewis and Duran Foundation",Kanpur,26.377730966903645,80.42646257229404,Women_Empowerment,rural,True,161,0.9116243654264808,(815)687-0238x176
NGO00444,Nelson-Collins Foundation,Thane,19.13406133960908,72.94790374250849,Poverty_Alleviation,rural,False,320,0.7790648657434224,599.936.8804
NGO00445,"Allison, Ramirez and Floyd Foundation",Nagpur,21.141915650537737,79.11234164526701,Rural_Development,disabled,False,123,0.9143652428513369,001-889-212-5427x1224
NGO00446,"Henson, Smith and Wilson Foundation",Nagpur,21.185924871632462,79.03303813976788,Disaster_Relief,children,False,414,0.6628678232071735,432.803.2291
NGO00447,Jimenez-Sanchez Foundation,Kanpur,26.51507108417189,80.33084469962058,Disaster_Relief,children,False,255,0.9081537251387954,538-250-9911x898
NGO00448,Nguyen Ltd Foundation,Mumbai,19.03533143522361,72.83396209409415,Women_Empowerment,women,False,163,0.6123000429220976,607-346-5736
NGO00449,Moore LLC Foundation,Delhi,28.589399541827504,77.1724164834786,Elderly_Care,"children, rural",False,99,0.8245891155142222,+1-592-894-1814x704
NGO00450,"Nelson, Moody and Krueger Foundation",Delhi,28.60376721188709,77.28777795254445,Education,"elderly, disabled",False,234,0.7616867371115864,6219712200
NGO00451,Parker Group Foundation,Jaipur,26.934259487858284,75.71047055540076,Poverty_Alleviation,children,False,322,0.8877070531113396,857.224.2434x0894
NGO00452,"Hebert, Joseph and Leonard Foundation",Chennai,13.049219216879195,80.19245916927619,Women_Empowerment,women,True,89,0.7962002934312447,001-221-293-5046x4955
NGO00453,Palmer-Austin Foundation,Nagpur,21.106344959215644,79.15473030045052,Child_Welfare,"disabled, children",False,410,0.7937124759296386,(321)756-2762x623
NGO00454,Duncan-Johnson Foundation,Pune,18.45732544134746,73.90870717109249,Environment,"women, rural",False,218,0.7082733260995434,807.242.7313x125
NGO00455,Nelson-Brown Foundation,Mumbai,19.090550651849632,72.79596552887307,Disability_Support,"disabled, elderly",True,283,0.8735093369473461,+1-371-789-1189
NGO00456,"Garcia, Hancock and Schaefer Foundation",Thane,19.125339000428035,72.99609552093992,Disability_Support,"rural, disabled",False,330,0.9639690094462761,355-587-3294
NGO00457,Taylor and Sons Foundation,Thane,19.16913581484872,72.87818462571202,Education,disabled,False,165,0.734043104756495,001-398-918-3200
NGO00458,Tanner Inc Foundation,Nagpur,21.120594051855466,79.13605792574928,Child_Welfare,"elderly, disabled",False,495,0.8571016807595531,367-518-8443x19168
NGO00459,"Howard, Johnson and Douglas Foundation",Jaipur,26.81585219709945,75.79237425595697,Healthcare,disabled,False,388,0.7142193010605284,790-964-6862x453
NGO00460,"Bush, Steele and Alvarez Foundation",Mumbai,19.13624283756861,72.87265101235373,Disability_Support,rural,True,169,0.6520225341650092,+1-524-273-6733x13562
NGO00461,Stanley Inc Foundation,Nagpur,21.11630557025277,79.00356220552798,Disaster_Relief,"children, rural",False,219,0.8396611315586802,(753)292-1062
NGO00462,Porter Ltd Foundation,Kanpur,26.42203393286186,80.34298826048817,Disaster_Relief,"elderly, children",False,400,0.7047414406061538,285-300-6327x94719
NGO00463,Moore-Baker Foundation,Ahmedabad,23.072666072737267,72.51596136848005,Education,children,False,184,0.7233390075391596,(466)682-0980x07143
NGO00464,Rush PLC Foundation,Chennai,13.095410316193421,80.34117481949652,Healthcare,"women, rural",False,199,0.8655829773197743,(907)785-3316x69847
NGO00465,Lopez Group Foundation,Indore,22.62964319298416,75.92370333407496,Environment,rural,False,262,0.7410814311637269,616.452.1795x369
NGO00466,Dickerson Group Foundation,Hyderabad,17.475558565416584,78.50091852179725,Education,disabled,False,487,0.6386981898079237,(965)659-9657x605
NGO00467,Harrison-Cook Foundation,Nagpur,21.18519846631969,79.0470861555899,Poverty_Alleviation,children,False,202,0.6580247879696931,910.705.1840
NGO00468,"Smith, Marshall and Peters Foundation",Bhopal,23.293385601201397,77.50698282602514,Disaster_Relief,disabled,True,183,0.7522321510429906,+1-603-441-0522
NGO00469,"Hendricks, Gonzalez and Farmer Foundation",Indore,22.781495716824434,75.8829429981717,Disaster_Relief,"rural, elderly",True,119,0.7753810042452196,364.611.7742x1244
NGO00470,"Stevens, Mccall and Smith Foundation",Hyderabad,17.285251359078764,78.57345242396136,Elderly_Care,rural,False,198,0.6200157993580713,5617695172
NGO00471,"Johnson, Roberts and Booth Foundation",Chennai,13.074152160918365,80.20042482609398,Environment,"elderly, children",False,419,0.6794892561071201,556-717-6247
NGO00472,Anderson and Sons Foundation,Mumbai,19.059703277330538,72.85399825864845,Disaster_Relief,"disabled, elderly",False,107,0.6464913854397839,001-354-776-8618x7128
NGO00473,Carter-Johnson Foundation,Thane,19.14707314856137,73.00251190185642,Rural_Development,children,True,405,0.7686397586265442,+1-240-362-1753
NGO00474,"Smith, Mcdonald and Levy Foundation",Bengaluru,12.942544993589506,77.5007454359301,Child_Welfare,"elderly, children",True,408,0.9608181229478681,417-563-5215x95909
NGO00475,"Whitehead, Lee and Marshall Foundation",Bhopal,23.265008146225142,77.3308132711975,Elderly_Care,"women, disabled",True,321,0.8521088695828071,7748214079
NGO00476,Logan-Goodman Foundation,Pune,18.444019351393333,73.90172753283997,Women_Empowerment,"elderly, disabled",True,79,0.7521052628175025,+1-658-496-8550x9195
NGO00477,Martinez-Martin Foundation,Bengaluru,12.992817868111308,77.4965544462839,Healthcare,"rural, disabled",True,263,0.636732611522955,001-642-452-8821x6250
NGO00478,Hammond PLC Foundation,Pune,18.52177608880644,73.90324804286716,Healthcare,rural,False,496,0.8889472052285914,001-357-554-0669x33815
NGO00479,Warner LLC Foundation,Chennai,13.082516660212907,80.30119987612184,Women_Empowerment,women,True,71,0.7213001936371636,6887180988
NGO00480,Jones LLC Foundation,Ahmedabad,22.961802057761584,72.58874581568294,Education,elderly,True,97,0.7959797196774605,(377)417-9908
NGO00481,Spears Inc Foundation,Bhopal,23.352072563256396,77.45560636831165,Disability_Support,elderly,False,133,0.7907213085530125,855.698.8224
NGO00482,"Simmons, Richardson and Evans Foundation",Kanpur,26.43658164347437,80.33109549333855,Elderly_Care,"children, elderly",False,65,0.6760187085956224,612-345-9401
NGO00483,"Gutierrez, Lawson and Thomas Foundation",Chennai,13.104534975875932,80.3457117928338,Poverty_Alleviation,elderly,False,64,0.8757529902022034,935.388.4872x6319
NGO00484,Shaw Group Foundation,Nagpur,21.211685080837267,79.0001343311365,Disaster_Relief,"disabled, children",False,406,0.8262709739583327,866.911.2748
NGO00485,Snyder-Russell Foundation,Nagpur,21.176030490127097,79.0708977826795,Child_Welfare,"disabled, rural",False,142,0.7463475269493044,3306647447
NGO00486,Patton-Hooper Foundation,Kanpur,26.474856020136812,80.25528271443513,Women_Empowerment,"elderly, women",False,137,0.8785520767594415,925.862.4487x8167
NGO00487,Boone Inc Foundation,Chennai,13.05238452955782,80.31428610496691,Elderly_Care,"disabled, women",True,351,0.8782998020559799,619.691.5693
NGO00488,Watson-Hill Foundation,Bengaluru,13.01047709050231,77.53746555239066,Women_Empowerment,"elderly, disabled",False,276,0.840909895207368,001-883-692-7597x0727
NGO00489,"Mason, Meyer and Thompson Foundation",Bhopal,23.28826561319387,77.3487959155212,Poverty_Alleviation,women,False,439,0.7063732562294485,(568)938-0102
NGO00490,Mccann-Cross Foundation,Kanpur,26.47754644927204,80.34499442631005,Healthcare,disabled,True,270,0.8762952371052097,580.429.9765x016
NGO00491,Herrera-Reid Foundation,Delhi,28.519928758959548,77.2555284484885,Child_Welfare,"disabled, rural",True,447,0.7020937581585744,369-325-6437
NGO00492,"Hill, Lee and Warren Foundation",Mumbai,19.04440590292092,72.80126144261354,Environment,"children, women",True,266,0.7903787979126343,4254979128
NGO00493,"Bowen, Adams and Perez Foundation",Pune,18.571746462625125,73.8003349952556,Women_Empowerment,women,False,134,0.7881928850546178,001-376-514-4270
NGO00494,Bell-Perkins Foundation,Bengaluru,12.953202833399654,77.69096160454356,Women_Empowerment,children,False,403,0.8900987694038552,001-457-710-6516
NGO00495,"Flores, Hoffman and Willis Foundation",Ahmedabad,23.02217158685889,72.48434083936797,Disaster_Relief,children,False,438,0.7439753042294692,+1-602-427-2756x3856
NGO00496,"Jones, Oconnor and Ellis Foundation",Bengaluru,12.91761087354938,77.50991372836403,Environment,disabled,False,469,0.6522178899340578,001-768-655-7897x4407
NGO00497,Taylor-West Foundation,Mumbai,19.150308402800245,72.92384698048114,Rural_Development,"elderly, rural",True,324,0.9509462476357659,627-698-3366
NGO00498,Gomez Group Foundation,Lucknow,26.802470106017353,81.01871487081229,Education,"rural, children",False,489,0.8561838554115287,549-949-0765x7068
NGO00499,Sullivan and Sons Foundation,Ahmedabad,23.1017970545285,72.50077437516664,Elderly_Care,"children, rural",False,73,0.9733461360817435,9756587600
NGO00500,Jones PLC Foundation,Indore,22.72537879330637,75.84119857047031,Poverty_Alleviation,rural,False,494,0.7132092938386004,+1-336-258-4510x707
